Identifiant de l'image,categorie,description
Chien.webp,Animaux,Chien
Chat.webp,Animaux,Chat
Cheval.webp,Animaux,Cheval
Vache.webp,Animaux,Vache
Poule.webp,Animaux,Poule
Coq.webp,Animaux,Coq
Lapin.webp,Animaux,Lapin
Hamster.webp,Animaux,Hamster
Souris.webp,Animaux,Souris
Rat.webp,Animaux,Rat
Poisson rouge.webp,Animaux,Poisson rouge
Perroquet.webp,Animaux,Perroquet
Oiseau.webp,Animaux,Oiseau
Lion.webp,Animaux,Lion
Tigre.webp,Animaux,Tigre
Éléphant.webp,Animaux,Éléphant
Girafe.webp,Animaux,Girafe
Singe.webp,Animaux,Singe
Ours.webp,Animaux,Ours
Loup.webp,Animaux,Loup
Renard.webp,Animaux,Renard
Écureuil.webp,Animaux,Écureuil
Tortue.webp,Animaux,Tortue
Serpent.webp,Animaux,Serpent
Grenouille.webp,Animaux,Grenouille
Canard.webp,Animaux,Canard
Mouton.webp,Animaux,Mouton
Chèvre.webp,Animaux,Chèvre
Dauphin.webp,Animaux,Dauphin
Pingouin.webp,Animaux,Pingouin
Lit.webp,Objet,Lit
Table.webp,Objet,Table
Chaise.webp,Objet,Chaise
Canapé.webp,Objet,Canapé
Télévision.webp,Objet,Télévision
Ordinateur.webp,Objet,Ordinateur
Téléphone portable.webp,Objet,Téléphone portable
Casque audio.webp,Objet,Casque audio
Tablette.webp,Objet,Tablette
Livre.webp,Objet,Livre
Cahier.webp,Objet,Cahier
Stylo.webp,Objet,Stylo
Crayon.webp,Objet,Crayon
Gomme.webp,Objet,Gomme
Taille-crayon.webp,Objet,Taille-crayon
Sac à dos.webp,Objet,Sac à dos
Sac à main.webp,Objet,Sac à main
Portefeuille.webp,Objet,Portefeuille
Clés.webp,Objet,Clés
Lampe.webp,Objet,Lampe
Ampoule.webp,Objet,Ampoule
Horloge.webp,Objet,Horloge
Montre.webp,Objet,Montre
Lunettes.webp,Objet,Lunettes
Lunettes de soleil.webp,Objet,Lunettes de soleil
Parapluie.webp,Objet,Parapluie
Manteau.webp,Objet,Manteau
Veste.webp,Objet,Veste
Pull.webp,Objet,Pull
T-shirt.webp,Objet,T-shirt
Chemise.webp,Objet,Chemise
Pantalon.webp,Objet,Pantalon
Jean.webp,Objet,Jean
Short.webp,Objet,Short
Jupe.webp,Objet,Jupe
Robe.webp,Objet,Robe
Chaussettes.webp,Objet,Chaussettes
Chaussures.webp,Objet,Chaussures
Baskets.webp,Objet,Baskets
Bottes.webp,Objet,Bottes
Casquette.webp,Objet,Casquette
Bonnet.webp,Objet,Bonnet
Écharpe.webp,Objet,Écharpe
Gants.webp,Objet,Gants
Ceinture.webp,Objet,Ceinture
Brosse à dents.webp,Objet,Brosse à dents
Dentifrice.webp,Objet,Dentifrice
Savon.webp,Objet,Savon
Shampooing.webp,Objet,Shampooing
Serviette.webp,Objet,Serviette
Miroir.webp,Objet,Miroir
Peigne.webp,Objet,Peigne
Brosse à cheveux.webp,Objet,Brosse à cheveux
Sèche-cheveux.webp,Objet,Sèche-cheveux
Maquillage.webp,Objet,Maquillage
Parfum.webp,Objet,Parfum
Déodorant.webp,Objet,Déodorant
Rasoir.webp,Objet,Rasoir
Assiette.webp,Objet,Assiette
Bol.webp,Objet,Bol
Verre.webp,Objet,Verre
Tasse.webp,Objet,Tasse
Fourchette.webp,Objet,Fourchette
Couteau.webp,Objet,Couteau
Cuillère.webp,Objet,Cuillère
Casserole.webp,Objet,Casserole
Poêle.webp,Objet,Poêle
Micro-ondes.webp,Objet,Micro-ondes
Réfrigérateur.webp,Objet,Réfrigérateur
Four.webp,Objet,Four
Bouilloire.webp,Objet,Bouilloire
Grille-pain.webp,Objet,Grille-pain
Cafetière.webp,Objet,Cafetière
Balai.webp,Objet,Balai
Aspirateur.webp,Objet,Aspirateur
Fer à repasser.webp,Objet,Fer à repasser
Machine à laver.webp,Objet,Machine à laver
Voiture.webp,Objet,Voiture
Vélo.webp,Objet,Vélo
Trottinette.webp,Objet,Trottinette
Skate.webp,Objet,Skate
Ballon de football.webp,Objet,Ballon de football
Ballon de basket.webp,Objet,Ballon de basket
Raquette de tennis.webp,Objet,Raquette de tennis
Guitare.webp,Objet,Guitare
Piano.webp,Objet,Piano
Appareil photo.webp,Objet,Appareil photo
Caméra.webp,Objet,Caméra
Télécommande.webp,Objet,Télécommande
Chargeur.webp,Objet,Chargeur
Batterie.webp,Objet,Batterie
Clé USB.webp,Objet,Clé USB
Cadre photo.webp,Objet,Cadre photo
Poster.webp,Objet,Poster
Plante.webp,Objet,Plante
Ventilateur.webp,Objet,Ventilateur
Climatiseur.webp,Objet,Climatiseur
Radiateur.webp,Objet,Radiateur
Pain.webp,Aliment,Pain
Aubergine.webp,Aliment,Aubergine
Croissant.webp,Aliment,Croissant
Pâtes.webp,Aliment,Pâtes
Riz.webp,Aliment,Riz
Pomme de terre.webp,Aliment,Pomme de terre
Pomme.webp,Aliment,Pomme
Banane.webp,Aliment,Banane
Orange.webp,Aliment,Orange
Fraise.webp,Aliment,Fraise
Raisin.webp,Aliment,Raisin
Poire.webp,Aliment,Poire
Pêche.webp,Aliment,Pêche
Cerise.webp,Aliment,Cerise
Tomate.webp,Aliment,Tomate
Carotte.webp,Aliment,Carotte
Salade.webp,Aliment,Salade
Concombre.webp,Aliment,Concombre
Oignon.webp,Aliment,Oignon
Ail.webp,Aliment,Ail
Poivron.webp,Aliment,Poivron
Champignon.webp,Aliment,Champignon
Maïs.webp,Aliment,Maïs
Brocoli.webp,Aliment,Brocoli
Épinard.webp,Aliment,Épinard
Poulet.webp,Aliment,Poulet
Steak.webp,Aliment,Steak
Courgette.webp,Aliment,Courgette
Poisson.webp,Aliment,Poisson
Crevette.webp,Aliment,Crevette
Œuf.webp,Aliment,Œuf
Lait.webp,Aliment,Lait
Yaourt.webp,Aliment,Yaourt
Fromage.webp,Aliment,Fromage
Beurre.webp,Aliment,Beurre
Pizza.webp,Aliment,Pizza
Hamburger.webp,Aliment,Hamburger
Frites.webp,Aliment,Frites
Sandwich.webp,Aliment,Sandwich
Soupe.webp,Aliment,Soupe
Chocolat.webp,Aliment,Chocolat
Bonbon.webp,Aliment,Bonbon
Gâteau.webp,Aliment,Gâteau
Tarte.webp,Aliment,Tarte
Glace.webp,Aliment,Glace
Crêpe.webp,Aliment,Crêpe
Biscuit.webp,Aliment,Biscuit
Miel.webp,Aliment,Miel
Confiture.webp,Aliment,Confiture
Céréales.webp,Aliment,Céréales
Brioche.webp,Aliment,Brioche